month,MarketR,MarketR_e,rfmonth,ret,ret_e,marketret3,marketret6,marketret12,ipor,pd,l.pd,l.ipor
2000,0.160838,0.140568,0.001856,0.158982,0.138712,0.369752704773729,0.454585679198145,0.543185541139668,1.64848717482333,5.31105018097634,,
2000.08333333333,0.122024,0.128347,0.001856,0.120168,0.126491,0.194614626547881,0.306102686194855,0.312228744404739,0.529861,5.42986905509999,5.31105018097634,1.64848717482333
2000.16666666667,0.055926,0.104864,0.001856,0.05407,0.103008,0.0937096519928837,0.157335401500004,0.0964045063356183,1.5309756515662,5.49394685284681,5.42986905509999,0.529861
2000.25,0.013014,0.015806,0.001856,0.011158,0.01395,0.0601821417303279,0.0454016251814491,0.117583603790006,1.99273673258662,5.47470725804987,5.49394685284681,1.5309756515662
2000.33333333333,0.027691,0.039638,0.001856,0.025835,0.037782,0.0919872353829046,0.0570917442392287,0.0967990162885326,1.87619434444444,5.45307211958949,5.47470725804987,1.99273673258662
2000.41666666667,0.023721,0.023757,0.001856,0.021865,0.021901,0.0574035244410702,0.0846206874195246,0.104917468790197,1.7045812696672,5.42387332309544,5.45307211958949,1.87619434444444
2000.5,0.043245,0.054316,0.001856,0.041389,0.05246,-0.0141835180457258,0.0569760948278804,0.0818883009922868,1.383533986232,5.43756122706481,5.42387332309544,1.7045812696672
2000.58333333333,-0.004691,0.009427,0.001856,-0.006547,0.007571,-0.0322610585175011,0.00205075713140901,-0.104159142498732,1.6759095,5.44227183102919,5.43756122706481,1.383533986232
2000.66666666667,-0.045222,-0.037549,0.001856,-0.047078,-0.039405,0.0253032976873262,-0.053649882171034,-0.132329176204097,1.33067767292308,5.40378894412201,5.44227183102919,1.6759095
2000.75,0.024222,0.037849,0.001856,0.022366,0.035993,0.0718570762600377,0.06783527518029,-0.138649465528522,1.07869883333333,5.55372680303433,5.40378894412201,1.33067767292308
2000.83333333333,0.054174,0.061115,0.001856,0.052318,0.059259,0.0354373434607413,0.0365714585937023,-0.201425549847099,2.35390941666667,5.62037845289005,5.55372680303433,1.07869883333333
2000.91666666667,-0.002105,0.006892,0.001856,-0.003961,0.005036,-0.0767249384735327,0.0176582517470141,-0.213497413467331,1.291432939503,5.64730012314758,5.62037845289005,2.35390941666667
2001,-0.010399,-0.011319,0.001856,-0.012255,-0.013175,-0.00410478833026673,0.022725697059244,-0.262657240134027,1.57504993385238,5.65593792201873,5.64730012314758,1.291432939503
2001.08333333333,-0.059406,-0.065414,0.001856,-0.061262,-0.06727,0.000899538379165454,-0.104844848665661,-0.337386884610168,0.775667,5.6150852562618,5.65593792201873,1.57504993385238
2001.16666666667,0.075913,0.083172,0.001856,0.074057,0.081316,0.102073360384722,-0.0815414915179613,-0.273389967474753,2.70710823076923,5.66684202603336,5.6150852562618,0.775667
2001.25,-0.005454,0.003337,0.001856,-0.00731,0.001481,0.0268138716554374,-0.192066020719069,-0.280001768808417,1.75448866666667,5.5920100263647,5.66684202603336,2.70710823076923
2001.33333333333,0.035145,0.053201,0.001856,0.033289,0.051345,-0.10506878212107,-0.227539065700693,-0.24635938785629,1.67478233333333,5.33167798885793,5.5920100263647,1.75448866666667
2001.41666666667,0.00281,0.010087,0.001856,0.000954,0.008231,-0.166283545368333,-0.22486670576189,-0.336256545581391,2.33288725,5.0952223407294,5.33167798885793,1.67478233333333
2001.5,-0.132502,-0.133397,0.001856,-0.134358,-0.135253,-0.212157227343504,-0.276267974826541,-0.247046494623997,0.690593333333334,4.92719888496389,5.0952223407294,2.33288725
2001.58333333333,-0.035222,-0.028909,0.001856,-0.037078,-0.030765,-0.135350228077599,-0.255277599649083,-0.164390446281595,0.848093727272727,4.89929701823318,4.92719888496389,0.690593333333334
2001.66666666667,-0.052001,-0.057159,0.001856,-0.053857,-0.059015,-0.0686952599593646,-0.205391449736159,-0.127355359935438,1.16589966666667,4.84188281955409,4.89929701823318,0.848093727272727
2001.75,-0.048524,-0.055137,0.001856,-0.05038,-0.056993,-0.0793113028584151,-0.104797643189087,-0.130553252941903,0,4.78589901861745,4.84188281955409,1.16589966666667
2001.83333333333,0.038675,0.051437,0.001856,0.036819,0.049581,-0.13694379690075,-0.0209158170671534,-0.132816113273772,1.189873,4.81865492854862,4.78589901861745,0
2001.91666666667,-0.062743,-0.070183,0.001856,-0.064599,-0.072039,-0.14550090696138,-0.138669610700403,-0.219236228045977,1.42327071428571,4.75828520960448,4.81865492854862,1.189873
2002,-0.107725,-0.122656,0.001856,-0.109581,-0.124512,-0.0270618862704525,0.0436078934036435,-0.209393723880849,1.999017,4.64674829250202,4.75828520960448,1.42327071428571
2002.08333333333,0.028367,0.039784,0.00179285714285714,0.0265741428571429,0.0379911428571429,0.134374665560863,0.123615626765611,-0.0245101431904284,0.756770333333333,4.6787993368866,4.64674829250202,1.999017
2002.16666666667,0.066092,0.078166,0.001635,0.064457,0.076531,0.00877444462835819,0.0993620364114203,-0.042409194986566,1.51025625,4.76167999268499,4.6787993368866,0.756770333333333
2002.25,0.039324,0.051456,0.001635,0.037689,0.049821,0.0723783194858252,-0.0272853341234266,-0.115041390887128,1.27223275,4.81127715997825,4.76167999268499,1.51025625
2002.33333333333,-0.085132,-0.087617,0.001635,-0.086767,-0.089252,-0.0100217334768544,-0.112849601896946,-0.159767149294676,3.4363525,4.82344210167326,4.81127715997825,1.27223275
2002.41666666667,0.132984,0.118081,0.001635,0.131349,0.116446,0.089321892125241,-0.0908488366451602,-0.0384647065417704,0.923746375,4.98847931514967,4.82344210167326,3.4363525
2002.5,-0.040172,-0.036939,0.001635,-0.041807,-0.038574,-0.0928432690319355,-0.240483511896118,-0.211598316861093,1.63450233333333,4.82879762498386,4.98847931514967,0.923746375
2002.58333333333,0.006221,0.008402,0.001635,0.004586,0.006767,-0.10330639375059,-0.131739694814706,-0.188139502991009,1.04191822222222,4.83401443517824,4.82879762498386,1.63450233333333
2002.66666666667,-0.055632,-0.056255,0.001635,-0.057267,-0.05789,-0.165055571436366,-0.128694908924344,-0.21897682010239,1.83363055555556,4.79524935513791,4.83401443517824,1.04191822222222
2002.75,-0.051183,-0.055018,0.001635,-0.052818,-0.056653,-0.161373733578875,-0.0890397117222726,-0.208594801297584,0.875603,4.76166215880026,4.79524935513791,1.83363055555556
2002.83333333333,-0.062693,-0.076673,0.001635,-0.064328,-0.078308,-0.0309733239854288,-0.0510656945577699,-0.197221240175321,1.0907352,4.7098091581842,4.76166215880026,0.875603
2002.91666666667,-0.051492,-0.051151,0.001635,-0.053127,-0.052786,0.0442593971011154,0.057974896420159,-0.12400434723901,1.2121235,4.67377381147448,4.7098091581842,1.0907352
2003,0.095492,0.102435,0.001635,0.093857,0.1008,0.0866905142611105,0.040623025910105,-0.0497443435512728,0.987774465862259,4.77353882568992,4.67377381147448,1.2121235
2003.08333333333,0.00971,0.014786,0.001635,0.008075,0.013151,-0.0204737499514502,-0.0627508135388575,-0.0681307686658809,0.769134,4.78624286102258,4.77353882568992,0.987774465862259
2003.16666666667,-0.013132,-0.025631,0.001635,-0.014767,-0.027266,0.0128654276120617,-0.101019927732862,-0.00991822642620499,0.683080166666667,4.77287100220533,4.78624286102258,0.769134
2003.25,-0.012054,-0.042101,0.001635,-0.013689,-0.043736,-0.0425918378793657,-0.128884320054088,0.0366079213592714,1.1853074,4.73592840807347,4.77287100220533,0.683080166666667
2003.33333333333,0.043905,0.040771,0.001635,0.04227,0.039136,-0.0428431460136473,-0.151913741147196,-0.056693378647837,1.06232,4.76714170358787,4.73592840807347,1.1853074
2003.41666666667,-0.066905,-0.066763,0.001635,-0.06854,-0.068398,-0.111958121450241,-0.170955253055274,-0.118361632807528,0.850728142857143,4.6158980614682,4.76714170358787,1.06232
2003.5,-0.012312,-0.030273,0.001635,-0.013947,-0.031908,-0.0894537381994089,-0.0864063098402658,-0.163120655667019,0.455873888888889,4.66444646468241,4.6158980614682,0.850728142857143
2003.58333333333,-0.031089,-0.023909,0.001635,-0.032724,-0.025544,-0.113151973897847,-0.00502782293756598,-0.155451497233065,0.582891333333333,4.64020345259253,4.66444646468241,0.455873888888889
2003.66666666667,-0.043389,-0.04531,0.001635,-0.045024,-0.046945,-0.0654535615318875,0.101335497522019,-0.167358085905238,0.806461142857143,4.56185917695721,4.64020345259253,0.582891333333333
2003.75,-0.03788,-0.065314,0.001635,-0.039515,-0.066949,0.00380892605472116,0.189294253490241,-0.0811322478666485,0.755326502335,4.5247231898913,4.56185917695721,0.806461142857143
2003.83333333333,0.020736,0.016666,0.001635,0.019101,0.015031,0.121871289748347,0.112731824929249,-0.0976176389593117,0.55674975,4.53311891778244,4.5247231898913,0.755326502335
2003.91666666667,0.027138,-0.00681,0.001635,0.025503,-0.008445,0.177879558026304,0.0647012625127157,-0.096025778487515,0.4989024,4.56638455997589,4.53311891778244,0.55674975
2004,0.074728,0.088654,0.001635,0.073093,0.087019,0.183862970436756,-0.0821525049645134,-0.18232683899523,0.70317989412279,4.64641675263483,4.56638455997589,0.4989024
2004.08333333333,0.071473,0.097316,0.001635,0.069838,0.095681,-0.00864248931840761,-0.149652470773106,-0.286717009583451,1.721953,4.71073417185302,4.64641675263483,0.70317989412279
2004.16666666667,0.032334,0.042688,0.001635,0.030699,0.041053,-0.096426223657589,-0.242706291972765,-0.270293257358234,1.0824767334934,4.73338720571687,4.71073417185302,1.721953
2004.25,-0.099309,-0.100998,0.001635,-0.100944,-0.102633,-0.224532460139678,-0.227071131716337,-0.371113564570722,0.877037833333334,4.58659556118561,4.73338720571687,1.0824767334934
2004.33333333333,-0.022937,-0.018178,0.001635,-0.024572,-0.019813,-0.141495222214361,-0.188371381388862,-0.321960686523828,0.4442776,4.50051349403971,4.58659556118561,0.877037833333334
2004.41666666667,-0.113236,-0.125373,0.001635,-0.114871,-0.127008,-0.160493607499212,-0.150183755638708,-0.355358011290594,0.854420392652818,4.32127579734276,4.50051349403971,0.4442776
2004.5,-0.00347,-0.023368,0.001635,-0.005105,-0.025003,-0.00183953607681109,-0.10706799549751,-0.260606864096492,0.625216380952381,4.30295171885083,4.32127579734276,0.854420392652818
2004.58333333333,-0.044436,-0.055333,0.001635,-0.046071,-0.056968,-0.0534827444740871,-0.157506986259369,-0.271570149139732,0.35517140384,4.27690271679477,4.30295171885083,0.625216380952381
2004.66666666667,0.053374,0.052579,0.001635,0.051739,0.050944,0.0131894059357776,-0.0325553547890218,-0.167486366905099,0.1739652,4.3640766091618,4.27690271679477,0.35517140384
2004.75,-0.054755,-0.068208,0.00165638709677419,-0.0564113870967742,-0.0698643870967742,-0.104896169306994,-0.180827213527057,-0.207191375002947,0,4.28393719855412,4.3640766091618,0.1739652
2004.83333333333,0.022747,0.046472,0.001856,0.020891,0.044616,-0.109018558507525,-0.160050864546489,-0.204154494740276,0,4.32874430532097,4.28393719855412,0
2004.91666666667,-0.068544,-0.081825,0.001856,-0.0704,-0.083681,-0.0449929130597336,-0.23664550738701,-0.223604428240942,0,4.264062588807,4.32874430532097,0
2005,-0.058872,-0.070978,0.001856,-0.060728,-0.072834,-0.0836728696339641,-0.168658852333665,-0.12137345869835,0,4.20674767434422,4.264062588807,0
2005.08333333333,0.095784,0.107308,0.001856,0.093928,0.105452,-0.0562418306004832,-0.131649020315365,0.0266785688823472,0.789683,4.30344326865935,4.20674767434422,0
2005.16666666667,-0.106051,-0.124861,0.001856,-0.107907,-0.126717,-0.199255165699742,-0.137564602948023,-0.0320899277700096,0.6444895,4.21247803216784,4.30344326865935,0.789683
2005.25,-0.030869,-0.071372,0.001856,-0.032725,-0.073228,-0.0916788430001255,-0.0293210091292319,0.10411595011759,0.800989855682,4.14941637975778,4.21247803216784,0.6444895
2005.33333333333,-0.069291,-0.041038,0.001856,-0.071147,-0.042894,-0.0791009856217048,-0.0497135203049805,0.273684302748778,0.281913833333333,3.96527705913921,4.14941637975778,0.800989855682
2005.41666666667,0.013216,0.001883,0.001856,0.01136,2.70000000000001e-05,0.0778869786797876,0.0202553452608276,0.655122797118657,0.2840547,3.88697064866296,3.96527705913921,0.281913833333333
2005.5,-0.017531,-0.064152,0.001856,-0.019387,-0.066008,0.0687923013943057,0.058362760328796,0.706296793023851,0,3.81974660708977,3.88697064866296,0.2840547
2005.58333333333,0.088414,0.15716,0.001856,0.086558,0.155304,0.0321958409410708,0.181686647415583,0.640186896166264,0,3.87773751546734,3.81974660708977,0
2005.66666666667,0.004711,0.028008,0.001856,0.002855,0.026152,-0.0535929599970709,0.122494137965003,0.561925729820216,0,3.87553925704637,3.87773751546734,0
2005.75,-0.050997,-0.059241,0.001856,-0.052853,-0.061097,-0.0100647649244742,0.136235381595675,0.632880022838569,0,3.83869233210874,3.87553925704637,0
2005.83333333333,-0.001561,0.012967,0.001856,-0.003417,0.011111,0.143876394078203,0.336934658659092,0.754990115220546,0,3.82563958933365,3.83869233210874,0
2005.91666666667,0.05065,0.027481,0.001856,0.048794,0.025625,0.185282317712484,0.615294059204849,0.97555434973815,0,3.87353389651655,3.82563958933365,0
2006,0.095752,0.089007,0.001856,0.093896,0.087151,0.147015866767511,0.605189793189459,1.15369890089439,0,3.95422105097929,3.87353389651655,0
2006.08333333333,0.034405,0.032763,0.001856,0.032549,0.030907,0.167258150538481,0.382661877267207,1.34925320585627,0,3.98449579067601,3.95422105097929,0
2006.16666666667,0.016889,0.011796,0.001856,0.015033,0.00994,0.360225329992942,0.386395629495086,1.51361923613574,0,3.9814705682013,3.98449579067601,0
2006.25,0.114996,0.0887,0.001856,0.11314,0.086844,0.396803852491433,0.431468995809805,1.78484413232572,0,4.0747997736979,3.9814705682013,0
2006.33333333333,0.204596,0.265623,0.001856,0.20274,0.263767,0.18286496490931,0.307171548168874,2.2463049057208,0,4.23192201177967,4.0747997736979,0
2006.41666666667,0.044123,0.068953,0.001856,0.042267,0.067097,0.0176654106794139,0.216977031390465,1.96824160696379,1.539394110625,4.19820169758629,4.23192201177967,0
2006.5,-0.055101,-0.0258,0.001856,-0.056957,-0.027656,0.0230516779247092,0.334788270114932,1.59930341426763,0.734005,4.11158143554396,4.19820169758629,1.539394110625
2006.58333333333,0.037245,0.031386,0.00194825806451613,0.0352967419354839,0.0294377419354839,0.103655589074917,0.690066865640088,2.29733227159701,0.70048635031,4.16957586841159,4.11158143554396,0.734005
2006.66666666667,0.049844,0.056025,0.002076,0.047768,0.053949,0.194658746911245,0.803036737988125,2.69085337050633,0.88014794105125,4.20332752656065,4.16957586841159,0.70048635031
2006.75,0.019122,-0.000662,0.002076,0.017046,-0.002738,0.302827843396319,0.934134196551356,2.69107606544681,1.13942427272727,4.26007219050091,4.20332752656065,0.88014794105125
2006.83333333333,0.122421,0.043571,0.002076,0.120345,0.041495,0.527825846583287,1.46727811170716,2.55869754471455,0.689177027743872,4.40389015013127,4.26007219050091,1.13942427272727
2006.91666666667,0.144407,0.058109,0.002076,0.142331,0.056033,0.505590221516702,1.42271532180691,1.70304215276856,1.1271067740636,4.55031958553713,4.40389015013127,0.689177027743872
2007,0.194285,0.246623,0.002076,0.192209,0.244547,0.480789259987304,0.935412527911619,1.71400046656649,1.08017517467055,4.74924744930529,4.55031958553713,1.1271067740636
2007.08333333333,0.106152,0.193729,0.002076,0.104076,0.191653,0.610135666798457,0.938359403402823,1.00950522557388,1.21742507482019,4.86141370150504,4.74924744930529,1.08017517467055
2007.16666666667,0.125709,0.196928,0.00217535483870968,0.12353364516129,0.19475264516129,0.604332847491454,1.03322620517196,0.877085687991921,1.19204086386525,5.00279758875114,4.86141370150504,1.21742507482019
2007.25,0.298338,0.346453,0.002296,0.296042,0.344157,0.303372164985208,0.894932312333513,0.335311267795756,1.64018802,5.29407384016546,5.00279758875114,1.19204086386525
2007.33333333333,0.102396,0.102889,0.00238783870967742,0.100008161290323,0.100501161290323,0.200185281386932,0.430216075422259,0.0489247223101743,1.47207,5.32116902085873,5.29407384016546,1.64018802
2007.41666666667,-0.084326,-0.154039,0.002515,-0.086841,-0.156554,0.263218232072199,0.104894757306969,-0.128339315993318,2.53748048983703,5.06479830193255,5.32116902085873,1.47207
2007.5,0.196411,0.234244,0.00259270967741936,0.193818290322581,0.231651290322581,0.449405009036058,0.390749960688551,-0.272416662203793,1.58561538887367,5.17335248657757,5.06479830193255,2.53748048983703
2007.58333333333,0.160315,0.134133,0.00280432258064516,0.157510677419355,0.131328677419355,0.188967075941646,0.0273118165681194,-0.37888071020657,3.4942134777823,5.32163202204973,5.17335248657757,1.58561538887367
2007.66666666667,0.050194,0.044138,0.00306773333333333,0.0471262666666667,0.0410702666666667,-0.126505024602871,-0.0861157658187056,-0.570484799499329,2.23943173433523,5.40916481401954,5.32163202204973,3.4942134777823
2007.75,-0.01684,-0.087763,0.003169,-0.020009,-0.090932,-0.0431965120113211,-0.302211366140524,-0.623056615883959,2.77428340591697,5.43977794962968,5.40916481401954,2.23943173433523
2007.83333333333,-0.144869,-0.069003,0.003169,-0.148038,-0.072172,-0.13648460195411,-0.269513236680225,-0.728602103205188,1.87395557692308,5.31820589770191,5.43977794962968,2.77428340591697
2007.91666666667,0.149498,0.204267,0.003246,0.146252,0.201021,0.0471847274363431,-0.209712540022853,-0.627114347784361,1.7664301536354,5.50132645615688,5.31820589770191,1.87395557692308
2008,-0.111522,-0.066353,0.003386,-0.114908,-0.069739,-0.26755973095751,-0.476368802646176,-0.674584273842959,2.2373741125,5.4048077378281,5.50132645615688,1.7664301536354
2008.08333333333,0.035183,0.083884,0.003386,0.031797,0.080498,-0.150727382484729,-0.388751991668742,-0.572155979854928,1.820265260552,5.47201503132792,5.4048077378281,2.2373741125
2008.16666666667,-0.19256,-0.191956,0.003386,-0.195946,-0.195342,-0.243444361682104,-0.517003007076066,-0.560080980697235,1.88933425,5.27791023370763,5.47201503132792,1.820265260552
2008.25,0.028255,-0.037997,0.003386,0.024869,-0.041383,-0.277501901074273,-0.438422839811124,-0.3349289100314,1.1194186,5.16017271431945,5.27791023370763,1.88933425
2008.33333333333,-0.07649,-0.033138,0.003386,-0.079876,-0.036524,-0.27515758779333,-0.604326290584651,-0.318095306219082,0.893153343380053,4.9425252314192,5.16017271431945,1.1194186
2008.41666666667,-0.228425,-0.247813,0.003386,-0.231811,-0.251199,-0.3535416190871,-0.509798417959373,-0.215132837091899,0.481079352242667,4.52088562416077,4.9425252314192,0.893153343380053
2008.5,0.031545,0.088703,0.003386,0.028159,0.085317,-0.215769839946569,-0.348217349150053,0.151535680047521,1.03102722857143,4.51568627064505,4.52088562416077,0.481079352242667
2008.58333333333,-0.174973,-0.226055,0.003386,-0.178359,-0.229441,-0.444077798868465,-0.279977915295582,0.313803774495217,0.710985333333333,4.35551146549375,4.51568627064505,1.03102722857143
2008.66666666667,-0.066541,-0.082011,0.003386,-0.069927,-0.085397,-0.232866011657193,-0.0698988970358511,0.252856822563951,1.2577052,4.25349092182468,4.35551146549375,0.710985333333333
2008.75,-0.265138,-0.255566,0.003211,-0.268349,-0.258777,-0.164527258622069,0.188125859716209,0.416516566964567,0,3.94774962084812,4.25349092182468,1.2577052
2008.83333333333,0.132124,0.19239,0.0028352,0.1292888,0.1895548,0.295232135394256,0.705999076265258,1.12646997743692,0,4.07234174003572,3.94774962084812,0
2008.91666666667,0.01394,0.07724,0.00201212903225806,0.0119278709677419,0.0752278709677419,0.211567734134021,0.589171695819237,1.03793933547534,0.5648534,4.1333024119196,4.07234174003572,0
2009,0.134196,0.157394,0.001856,0.13234,0.155538,0.419145182809781,0.751560912855232,1.07086090014155,0,4.27072372339381,4.1333024119196,0.5648534
2009.08333333333,0.058518,0.08893,0.001856,0.056662,0.087074,0.314236322453008,0.81011788468359,0.667028194880657,0,4.346081340209,4.27072372339381,0
2009.16666666667,0.186709,0.223024,0.001856,0.184853,0.221168,0.309227720330522,0.342240411883355,0.623495432232897,0,4.56747477501855,4.346081340209,0
2009.25,0.05068,0.076364,0.001856,0.048824,0.074508,0.231678350241586,0.188284701067087,0.399442192792102,0,4.7140733943413,4.56747477501855,0
2009.33333333333,0.054501,0.071731,0.001856,0.052645,0.069875,0.374392449808854,0.2401003422109,0.226583581007595,0,4.85864275468077,4.7140733943413,0
2009.41666666667,0.116715,0.088737,0.001856,0.114859,0.086881,0.0237964479592134,0.276270782184911,0.0634707326543988,0,4.76296971325049,4.85864275468077,0
2009.5,0.171873,0.148047,0.001856,0.170017,0.146191,-0.0361170242625049,0.176367551815916,-0.124208139107453,1.1198196,4.95099309411746,4.76296971325049,0
2009.58333333333,-0.213406,-0.15897,0.001856,-0.215262,-0.160826,-0.0988286108295408,-0.0835406858327937,-0.162493963163405,0.628388727272727,4.72837682056072,4.95099309411746,1.1198196
2009.66666666667,0.051718,0.045235,0.001856,0.049862,0.043379,0.245140635207048,0.204980287194682,0.0990010480124896,0.522904719640167,4.78236377870813,4.72837682056072,0.628388727272727
2009.75,0.096068,0.120721,0.001856,0.094212,0.118865,0.219385802771847,0.174285780033777,0.055385109940943,1.003387621866,5.05753325611102,4.78236377870813,0.522904719640167
2009.83333333333,0.084983,0.145707,0.001856,0.083127,0.143851,0.017468132748278,-0.0129490203398013,0.0792220660175922,0.583656542937091,5.16045151561622,5.05753325611102,1.003387621866
2009.91666666667,0.030061,0.02381,0.001856,0.028205,0.021954,-0.0332031629598943,-0.1676876558793,-0.0514325842432802,0.647958085271072,5.21814845386706,5.16045151561622,0.583656542937091
2010,-0.084603,-0.034874,0.001856,-0.086459,-0.03673,-0.0378164795432171,-0.254766108736355,-0.0882546267437362,0.377877154724541,5.17348163950323,5.21814845386706,0.647958085271072
2010.08333333333,0.031244,0.067721,0.001856,0.029388,0.065865,-0.029827184861219,-0.0841037931420696,-0.0230360547534785,0.173795224536609,5.21372952326045,5.17348163950323,0.377877154724541
2010.16666666667,0.025174,0.047159,0.001856,0.023318,0.045303,-0.138114667522785,-0.0890275930386594,-0.00237109282799097,0.679806605733094,5.23387162337994,5.21372952326045,0.173795224536609
2010.25,-0.077046,-0.073324,0.001856,-0.078902,-0.07518,-0.22395868726724,-0.101942840829218,-0.0258028318779185,0.7136748643752,5.11469336934075,5.23387162337994,0.679806605733094
2010.33333333333,-0.083202,-0.082809,0.001856,-0.085058,-0.084665,-0.0554549402951661,0.092479866982031,0.0421027737148054,0.117274461538462,4.5633166936126,5.11469336934075,0.7136748643752
2010.41666666667,-0.076277,-0.091289,0.001856,-0.078133,-0.093145,0.0574750582519221,0.140105515434936,0.0682188770573804,0.242801987180214,4.22083366458035,4.5633166936126,0.117274461538462
2010.5,0.121927,0.148569,0.001856,0.120071,0.146713,0.157704791263155,0.22407752122909,0.186012574484558,0.238571308,4.22941797505704,4.22083366458035,0.242801987180214
2010.58333333333,0.025767,0.089771,0.001856,0.023911,0.087915,0.156030836832687,0.0669711928198322,0.0417772995788466,0.7829309437166,4.26534479216341,4.22941797505704,0.238571308
2010.66666666667,0.010816,0.008997,0.001856,0.00896,0.007141,0.0774124017469327,0.0951961016215377,-0.0340915898785562,0.523817710924408,4.27681377005163,4.26534479216341,0.7829309437166
2010.75,0.120389,0.094603,0.00193496774193548,0.118454032258065,0.0926680322580645,0.0562285155999276,0.0852314737917659,-0.133068847179779,0.311211607764354,4.41865446042243,4.27681377005163,0.523817710924408
2010.83333333333,-0.043472,0.014543,0.00206,-0.045532,0.012483,-0.0775284157782592,-0.0468159330332687,-0.195589881093937,0.504916528334414,4.49934370849614,4.41865446042243,0.311211607764354
2010.91666666667,-0.008723,-0.020313,0.00209929032258065,-0.0108222903225806,-0.0224122903225806,0.0159317044749225,-0.0642041981973265,-0.202717366021551,0.633421075675676,4.51528579741066,4.49934370849614,0.504916528334414
2011,-0.02033,-0.053785,0.002263,-0.022593,-0.056048,0.0269224832765582,-0.0335590577952226,-0.256940117038703,0.0606047431053871,4.50765506888147,4.51528579741066,0.633421075675676
2011.08333333333,0.053127,0.094811,0.002408,0.050719,0.092403,0.0336913091978901,-0.0243265580808215,-0.215307960097512,0.199940000900857,4.57215698366782,4.50765506888147,0.0606047431053871
2011.16666666667,0.002287,-0.010777,0.002466,-0.000179,-0.013243,-0.0784772276975626,-0.118094261671082,-0.201807047746714,0.15092164516129,4.57275984233488,4.57215698366782,0.199940000900857
2011.25,-0.013563,-0.036504,0.00263516666666667,-0.0161981666666667,-0.0391391666666667,-0.0586965969971504,-0.200012064022126,-0.261296842157783,0.01639175,4.58413198427867,4.57275984233488,0.15092164516129
2011.33333333333,-0.060059,-0.073573,0.002669,-0.062728,-0.076242,-0.0559861630344304,-0.153001716040126,-0.204346720175696,0.0681374846153847,4.70599568935937,4.58413198427867,0.01639175
2011.41666666667,0.023841,0.035005,0.002669,0.021172,0.032336,-0.0419214979652729,-0.144582675992498,-0.151868750713402,0.174074412930193,4.176216879736,4.70599568935937,0.0681374846153847
2011.5,-0.010541,0.027272,0.00283190322580645,-0.0133729032258065,0.0244400967741936,-0.148331505277349,-0.226965754838544,-0.215837232867621,0.7720643385002,4.17266609310478,4.176216879736,0.174074412930193
2011.58333333333,-0.045975,-0.022195,0.002871,-0.048846,-0.025066,-0.101377179280215,-0.192201650410217,-0.252276756039078,0.49615169974988,4.13443624600367,4.17266609310478,0.7720643385002
2011.66666666667,-0.08867,-0.120641,0.002871,-0.091541,-0.123512,-0.105847745513193,-0.0909238175609233,-0.233306885363777,0.133427690696667,3.96177578095315,4.13443624600367,0.49615169974988
2011.75,0.04351,0.044183,0.002871,0.040639,0.041312,-0.0899174391612869,-0.0707948114990584,-0.133796072577654,0.330883,4.00713116483236,3.96177578095315,0.133427690696667
2011.83333333333,-0.050676,-0.041127,0.002871,-0.053547,-0.043998,-0.0991432924390855,-0.0563612287137998,-0.178957610513818,0.3551082,3.95277748117713,4.00713116483236,0.330883
2011.91666666667,-0.072589,-0.153333,0.002871,-0.07546,-0.156204,0.01754363071983,-0.00547555713914871,-0.18667858234923,0.0656239444444445,3.88665041749811,3.95277748117713,0.3551082
2012,0.033031,-0.006151,0.002871,0.03016,-0.009022,0.0216598151754639,0.0190179636941168,0.0175530311776495,0.0179599,3.92272400267705,3.88665041749811,0.0656239444444445
2012.08333333333,0.071121,0.13338,0.002871,0.06825,0.130509,0.0479809837410197,-0.068888392072844,0.0363811626731141,0.489458631317768,3.99895012364481,3.92272400267705,0.0179599
2012.16666666667,-0.068869,-0.074742,0.002871,-0.07174,-0.077613,-0.0225795612574655,-0.152080614282871,-0.0336653031575599,0.259110096296296,3.93592115821324,3.99895012364481,0.489458631317768
2012.25,0.059422,0.067141,0.002871,0.056551,0.06427,-0.00274247945789941,-0.0653622082280884,-0.013942473999121,0.150115475203,3.99652201026516,3.93592115821324,0.259110096296296
2012.33333333333,-0.000408,0.025258,0.002871,-0.003279,0.022387,-0.110975118164887,-0.126659161205858,-0.0935995270393473,0.284817315789474,3.94150235636368,3.99652201026516,0.150115475203
2012.41666666667,-0.050284,-0.055582,0.00271613333333333,-0.0530001333333333,-0.0582981333333333,-0.131155726412518,-0.178994459741228,-0.0209293250130576,0.0619005245778182,3.89739881361251,3.94150235636368,0.284817315789474
2012.5,-0.054982,-0.095576,0.00249874193548387,-0.0574807419354839,-0.0980747419354839,-0.0622420603607302,-0.00168758412383818,-0.109969818200526,0.162346065328236,3.767558475927,3.89739881361251,0.0619005245778182
2012.58333333333,-0.023347,0.027085,0.002466,-0.025813,0.024619,-0.0165650250046298,0.112134296064481,-0.029564338519962,0.424688657881466,3.7251198641137,3.767558475927,0.162346065328236
2012.66666666667,0.02411,0.009494,0.002466,0.021644,0.007028,-0.0534668027236583,0.139622858152031,0.0485247660208723,0.2433815788145,3.74392002457152,3.7251198641137,0.424688657881466
2012.75,-0.009347,0.002608,0.002466,-0.011813,0.000142,0.0645531326761695,0.0551136591165682,0.0673642168975928,0.69091237,3.73880303278397,3.74392002457152,0.2433815788145
2012.83333333333,-0.05972,-0.109759,0.002466,-0.062186,-0.112225,0.130011617512182,0.0393118423163859,0.0560267569428758,6.267442,3.68932962076905,3.73880303278397,0.69091237
2012.91666666667,0.15081,0.170955,0.002466,0.148344,0.168489,0.202826453057464,0.192219407650702,0.175772540335092,0,3.84100254553385,3.68932962076905,6.267442
2013,0.051146,0.064163,0.002466,0.04868,0.061697,-0.00925233160402705,-0.106843244789729,-0.0254408062862055,0,3.89839481390686,3.84100254553385,0
2013.08333333333,0.000474,0.04828,0.002466,-0.001992,0.045814,-0.080588824039437,-0.127209637071021,-0.0972790329100088,0,3.90801724715707,3.89839481390686,0
2013.16666666667,-0.050854,-0.033663,0.002466,-0.05332,-0.036129,-0.010007297454221,-0.0807067063744673,-0.0864114945830589,0,3.85200348844279,3.90801724715707,0
2013.25,-0.023977,-0.027986,0.002466,-0.026443,-0.030452,-0.0977016829388968,0.010682280024837,-0.055027449848729,0,3.84089575875576,3.85200348844279,0
2013.33333333333,0.076664,0.145539,0.002466,0.074198,0.143073,-0.0496566499585271,0.0153003876529549,-0.0368710738053902,0,3.94739891480149,3.84089575875576,0
2013.41666666667,-0.134305,-0.155061,0.002466,-0.136771,-0.157527,-0.0708086602152519,-0.0159957140204915,-0.0946360753058326,0,3.72020077900236,3.94739891480149,0
2013.5,0.02757,0.071334,0.002466,0.025104,0.068868,0.119937117456642,0.0913976021645775,0.0781835170581597,0,3.67416214973796,3.72020077900236,0
2013.58333333333,0.052886,0.087464,0.002466,0.05042,0.084998,0.0682063678420988,0.0358513381821972,0.13918050178544,0,3.73125515210614,3.67416214973796,0
2013.66666666667,0.041999,0.057423,0.002466,0.039533,0.054957,0.0590835282821516,-0.00482055039480245,0.0998894522278082,-0.052065,3.77209036771058,3.73125515210614,0
2013.75,-0.019582,-0.023135,0.002466,-0.022048,-0.025601,-0.0261045033288958,-0.0642265037897242,0.14048731898135,0,3.75920902399743,3.77209036771058,-0.052065
2013.83333333333,0.043956,0.087683,0.002466,0.04149,0.085217,-0.0305505526836718,-0.050863775408236,0.190378820421831,0,3.80733992496941,3.75920902399743,0
2013.91666666667,-0.041232,-0.0325,0.002466,-0.043698,-0.034966,-0.0603303049782736,-0.0784892062481628,0.248519219284662,0.605787,3.777196253957,3.80733992496941,0
2014,-0.024024,0.022638,0.002466,-0.02649,0.020172,-0.038650716776379,-0.0131745137613211,0.50587908871484,0.733337510692928,3.75983271499118,3.777196253957,0.605787
2014.08333333333,0.012131,0.042109,0.002466,0.009665,0.039643,-0.0205623473224416,0.0978315645036485,0.563740281364206,1.29829847192467,3.77220683167245,3.75983271499118,0.733337510692928
2014.16666666667,-0.019285,-0.025239,0.002466,-0.021751,-0.027705,-0.0187010229322493,0.103737447151479,0.615784311766595,0,3.75777489533274,3.77220683167245,1.29829847192467
2014.25,-0.005801,-0.012449,0.002466,-0.008267,-0.014915,0.0265934796520657,0.216344199410427,0.90655303049627,0,3.73312082032105,3.75777489533274,0
2014.33333333333,0.01404,0.031335,0.002466,0.011574,0.028869,0.120125589177953,0.25103098663094,1.26840300585054,0,3.73933296135988,3.73312082032105,0
2014.41666666667,0.025643,0.050456,0.002466,0.023177,0.04799,0.123976203964731,0.350462075500612,1.42788360199277,2.44763916290243,3.73412885294847,3.73933296135988,0
2014.5,0.08413,0.079439,0.002466,0.081664,0.076973,0.183318868916204,0.518358268797306,1.18080771068898,1.97276157097375,3.6604406639047,3.73412885294847,2.44763916290243
2014.58333333333,0.017503,0.064888,0.002466,0.015037,0.062422,0.115307928754373,0.417444521364733,0.705479278644779,1.81811312015795,3.67730435478497,3.6604406639047,1.97276157097375
2014.66666666667,0.079439,0.145186,0.002466,0.076973,0.14272,0.199377339772704,0.456428942215232,0.434914091329534,1.85206656302312,3.76602755458889,3.67730435478497,1.81811312015795
2014.75,0.022208,0.021251,0.002466,0.019742,0.018785,0.280270957465942,0.558159400646573,0.257323278267204,2.32512917727597,3.77525921399558,3.76602755458889,1.85206656302312
2014.83333333333,0.093638,0.066668,0.0024051,0.0912329,0.0642629,0.268396760434843,0.801008263400461,0.405818511098861,4.40272731291519,3.86949016470597,3.77525921399558,2.32512917727597
2014.91666666667,0.151617,-0.030531,0.002263,0.149354,-0.032794,0.211890361744763,0.785842088599139,0.335407552985099,1.67794791309098,4.02983796686614,3.86949016470597,4.40272731291519
2015,0.012618,0.080682,0.002263,0.010355,0.078419,0.214411841544266,0.427916437500133,0.204602770282766,2.77895235861959,4.04240758242422,4.02983796686614,1.67794791309098
2015.08333333333,0.04506,0.082388,0.002263,0.042797,0.080125,0.416275712816255,0.19770647433759,-0.111527042174697,1.89115279329163,4.08359323043944,4.04240758242422,2.77895235861959
2015.16666666667,0.153807,0.236307,0.00206,0.151747,0.234247,0.469903520846967,-0.0181036219431845,-0.168588485236149,2.84351704942612,4.24828243667576,4.08359323043944,1.89115279329163
2015.25,0.17986,0.193956,0.00206,0.1778,0.191896,0.173835151491215,-0.195131534989575,-0.177244814553284,8.33786825674728,4.39962802073901,4.24828243667576,2.84351704942612
2015.33333333333,0.084202,0.326876,0.0019218064516129,0.0822801935483871,0.324954193548387,-0.155218527451789,-0.22217978361759,-0.318854939600784,6.12129143687116,4.43610376927511,4.39962802073901,8.33786825674728
2015.41666666667,-0.077816,-0.084018,0.0018356,-0.0796516,-0.0858536,-0.332264096335897,-0.254443169440266,-0.374917413776318,2.35670825683663,4.52026471828799,4.43610376927511,6.12129143687116
2015.5,-0.149658,-0.162964,0.001652,-0.15131,-0.164616,-0.313468086724627,-0.15759782574237,-0.303141988803979,3.61460933166305,4.10241585650896,4.52026471828799,2.35670825683663
2015.58333333333,-0.141968,-0.144868,0.00161232258064516,-0.143580322580645,-0.146480322580645,-0.0779451543228014,-0.256999494402904,-0.165967823224954,0,3.9523219366278,4.10241585650896,3.61460933166305
2015.66666666667,-0.052589,-0.03714,0.001447,-0.054036,-0.038587,0.117678035970997,-0.151389227649961,0.0164322522283367,0,3.92011491978357,3.9523219366278,0
2015.75,0.139752,0.228882,0.00139383870967742,0.138358161290323,0.227488161290323,0.227250109489001,0.0237590924277353,0.0525507829068881,0,4.06410840165023,3.92011491978357,0
2015.83333333333,0.038851,0.125357,0.001241,0.03761,0.124116,-0.192942225150203,-0.120620610030595,-0.0503131930909946,2.767183154176,4.1262607165948,4.06410840165023,0
2015.91666666667,0.039778,0.072962,0.001241,0.038537,0.071721,-0.240251587522857,-0.157098447240336,-0.0465328474613861,4.87841079836771,4.19609096801579,4.1262607165948,2.767183154176
2016,-0.249394,-0.288149,0.001241,-0.250635,-0.28939,-0.165975942376324,-0.169640003770119,-0.128550152702023,3.97175794537207,3.90915560652473,4.19609096801579,4.87841079836771
2016.08333333333,-0.021766,-0.020677,0.001241,-0.023007,-0.021918,0.0900865150044174,0.123736258948222,0.177316610987989,2.5379471962114,3.88748162478204,3.90915560652473,3.97175794537207
2016.16666666667,0.140934,0.194471,0.001241,0.139693,0.19323,0.110086896785624,0.197272461632401,0.236621706352323,3.35231633714114,4.02841385714423,3.88748162478204,2.5379471962114
2016.25,-0.019968,0.000143,0.001241,-0.021209,-0.001098,-0.00363516524936136,0.0277435808576512,0.0760677408082449,3.10844863956994,4.0273210062047,4.02841385714423,3.35231633714114
2016.33333333333,-0.003879,-0.009437,0.001241,-0.00512,-0.010678,0.0304566693032637,0.0802936992454684,0.0718205317408158,4.96290166345926,4.03534074152792,4.0273210062047,3.10844863956994
2016.41666666667,0.024443,0.068074,0.001241,0.023202,0.066833,0.0779081265469772,0.131400330483014,0.0555453870853504,6.9362048106979,4.00738482502952,4.03534074152792,4.96290166345926
2016.5,0.01344,-0.000337,0.001241,0.012199,-0.001578,0.0313893944632722,0.0505555537659923,0.0740177920212852,6.7989411326451,4.08540628162865,4.00738482502952,6.9362048106979
2016.58333333333,0.041826,0.057596,0.001241,0.040585,0.056355,0.0480799209557601,0.046548707013683,0.0907928987183844,4.72671538977581,4.09316368539464,4.08540628162865,6.7989411326451
2016.66666666667,-0.019616,-0.003396,0.001241,-0.020857,-0.004637,0.0491864215299909,0.0314389319290582,0.0754196805308971,3.55616726129922,4.08643204121,4.09316368539464,4.72671538977581
2016.75,0.029781,0.047199,0.001241,0.02854,0.045958,0.0184028966722605,0.0464802434615952,0.105833644779706,4.76512827873603,4.12636823343351,4.08643204121,3.55616726129922
2016.83333333333,0.042922,0.039448,0.001241,0.041681,0.038207,-0.00162618887058774,-0.00834087359886482,0.0887292240431177,4.31237799851434,4.17664488073396,4.12636823343351,4.76512827873603
2016.91666666667,-0.048279,-0.045215,0.001241,-0.04952,-0.046456,-0.017029726313436,-0.0674672496014501,0.0159235455676527,2.90336461783249,4.14119310990768,4.17664488073396,4.31237799851434
2017,0.009602,-0.024032,0.001241,0.008361,-0.025273,0.0274023201813343,0.0218186134221836,0.069179767109111,2.85711730668335,4.15454310355566,4.14119310990768,2.90336461783249
2017.08333333333,0.026891,0.057966,0.001241,0.02565,0.056725,-0.00669455475044412,0.0416468402938666,0.101104628504087,4.01802714595478,4.18803180016019,4.15454310355566,2.85711730668335
2017.16666666667,-0.005422,-0.01479,0.001241,-0.006663,-0.016031,-0.0510531573192438,0.0421076012771413,0.0105617004549821,3.31627036010033,4.18656275503334,4.18803180016019,4.01802714595478
2017.25,-0.023783,-0.057811,0.001241,-0.025024,-0.059052,-0.00551419566195255,0.0559858327659104,0.00101328252638355,2.26339030014457,4.1570471998345,4.18656275503334,3.31627036010033
2017.33333333333,-0.018796,-0.075439,0.001241,-0.020037,-0.07668,0.0485102765356158,0.097217144292304,-0.00870949494955831,2.22916800879218,4.1131614559139,4.1570471998345,2.26339030014457
2017.41666666667,0.04212,0.03822,0.001241,0.040879,0.036979,0.0979884198878162,0.089249519995803,0.012022221007475,2.00076432236984,4.1606915926296,4.1131614559139,2.22916800879218
2017.5,0.029051,-0.008263,0.001241,0.02781,-0.009504,0.0616306910256237,0.0458551918909438,-0.107180732713464,2.0853769859213,4.12084143909829,4.1606915926296,2.00076432236984
2017.58333333333,0.027342,0.048424,0.001241,0.026101,0.047183,0.0461169853657484,0.0563776772939473,-0.122342845938467,2.64899189220173,4.14704179960821,4.12084143909829,2.0853769859213
2017.66666666667,0.007729,0.017957,0.001241,0.006488,0.016716,-0.00826362088725818,-0.0303554824835667,-0.195557585712264,3.14392468223344,4.16311760056564,4.14704179960821,2.64899189220173
2017.75,0.014066,-0.01339,0.001241,0.012825,-0.014631,-0.0150233352158823,-0.0520856243836649,-0.180854991048343,3.07115733947348,4.17860043692415,4.16311760056564,3.14392468223344
2017.83333333333,-0.025873,-0.066652,0.001241,-0.027114,-0.067893,0.00960978906744603,-0.0965457516936175,-0.264330097763462,1.93512308326659,4.16385469220096,4.17860043692415,3.07115733947348
2017.91666666667,0.000886,-0.017321,0.001241,-0.000355,-0.018562,-0.0221615828517521,-0.0710245197604704,-0.238368524864425,2.26177548933103,4.1718331815542,4.16385469220096,1.93512308326659
2018,0.039331,-0.027878,0.001241,0.03809,-0.029119,-0.0374290759527256,-0.145613671744726,-0.272102432066784,1.98958363144937,4.21700993224318,4.1718331815542,2.26177548933103
2018.08333333333,-0.056415,-0.051393,0.001241,-0.057656,-0.052634,-0.104793685940859,-0.168390423455354,-0.277176645879667,1.47999290808701,4.16124835228965,4.21700993224318,1.98958363144937
2018.16666666667,-0.014682,0.055855,0.001241,-0.015923,0.054614,-0.0496964289190067,-0.168839492433337,-0.111743715316509,2.20543313574127,4.15181009212286,4.16124835228965,1.47999290808701
2018.25,-0.033125,-0.039961,0.001241,-0.034366,-0.041202,-0.111813346676333,-0.134375703414942,-0.038860728087793,2.39866743657671,4.12996023294698,4.15181009212286,2.20543313574127
2018.33333333333,0.001419,-0.007118,0.001241,0.000178,-0.008359,-0.0703122929315618,-0.183399871630815,-0.0140181030633613,3.80129833082352,4.04788325263321,4.12996023294698,2.39866743657671
2018.41666666667,-0.078836,-0.107208,0.001241,-0.080077,-0.108449,-0.124689648355737,-0.178134947382654,-0.0756908064718264,2.22742162224205,3.86234677697194,4.04788325263321,3.80129833082352
2018.5,0.011864,-0.001924,0.001241,0.010623,-0.003165,-0.0248292458583334,-0.145501370233757,0.0394721514165219,2.91284410555665,3.86683979428349,3.86234677697194,2.22742162224205
2018.58333333333,-0.05692,-0.083198,0.001241,-0.058161,-0.084439,-0.120873824873183,-0.128150659541497,0.0246586613677362,2.1964706794523,3.81051880443723,3.86683979428349,2.91284410555665
2018.66666666667,0.02581,-0.006867,0.001241,0.024569,-0.008108,-0.0602710061572903,0.0695859764087767,0.0767206706879142,1.49704313304807,3.83332675982088,3.81051880443723,2.1964706794523
2018.75,-0.087415,-0.09314,0.001241,-0.088656,-0.094381,-0.123178843941651,0.110547900386891,0.0565127574884632,1.02994628533979,3.74301012535886,3.83332675982088,1.49704313304807
2018.83333333333,0.007817,0.0541,0.001241,0.006576,0.052859,-0.00773204209108203,0.207205406694814,0.17359024614952,1.68344305419776,3.76304287791097,3.74301012535886,1.02994628533979
2018.91666666667,-0.042589,-0.041,0.001241,-0.04383,-0.042241,0.137877723149379,0.125130082260815,0.146068579486279,0.962257588450719,3.72660785525451,3.76304287791097,1.68344305419776
2019,0.032232,-0.021831,0.001241,0.030991,-0.023072,0.265954498274954,0.215855277097092,0.280575183621661,1.25055279544582,3.76630914482492,3.72660785525451,0.962257588450719
2019.08333333333,0.155155,0.224835,0.001241,0.153914,0.223594,0.215830547062931,0.174870083556951,0.224785348400582,1.98011992253135,3.90954075770376,3.76630914482492,1.25055279544582
2019.16666666667,0.064823,0.105525,0.001241,0.063582,0.104284,-0.0116166212767903,0.00614169768868123,0.0472598790550789,2.27152465689111,3.97612091591905,3.90954075770376,1.98011992253135
2019.25,-0.008518,-0.038638,0.001241,-0.009759,-0.039879,-0.0402388899044922,-0.0490697714159064,-0.0728995162639272,1.54282283476362,3.96514302818748,3.97612091591905,2.27152465689111
2019.33333333333,-0.060281,-0.04886,0.001241,-0.061522,-0.050101,-0.0342460075205616,-0.0289483357816472,-0.0202942439421485,1.76493799685785,3.91390215322364,3.96514302818748,1.54282283476362
2019.41666666667,0.034103,0.005273,0.001241,0.032862,0.004032,0.0179431750323866,0.0176619255996169,0.0464023279592178,1.69771581013854,3.86848379013858,3.91390215322364,1.76493799685785
2019.5,-0.002351,-0.017165,0.001241,-0.003592,-0.018406,-0.00900984707280816,0.0515870136314642,0.0882063008420961,2.24909343954653,3.86797561432191,3.86848379013858,1.69771581013854
2019.58333333333,-0.009694,-0.010896,0.001241,-0.010935,-0.012137,0.00559611222466794,0.0411126814137148,0.235408199070612,1.72447254347117,3.85617452213962,3.86797561432191,2.24909343954653
2019.66666666667,0.006822,0.016178,0.001241,0.005581,0.014937,-0.000340750475100737,0.0405207863450421,0.282026216194026,2.73990576772354,3.87285214777307,3.85617452213962,1.72447254347117
2019.75,0.012298,-0.004323,0.001241,0.011057,-0.005564,0.0609524103506283,-0.0244816896413401,0.200948761030067,1.73163102868374,3.89256941503311,3.87285214777307,2.73990576772354
2019.83333333333,-0.015519,-0.020542,0.001241,-0.01676,-0.021783,0.0351678136440365,0.00906502034862089,0.199040100582519,2.09059705135724,3.8816227080425,3.89256941503311,1.73163102868374
2019.91666666667,0.068325,0.083749,0.001241,0.067084,0.082508,0.0407248770763564,0.0279071466552423,0.270014068064649,1.57146277767756,3.95637560695335,3.8816227080425,2.09059705135724
2020,-0.012218,0.003488,0.001241,-0.013459,0.002247,-0.0804573251417241,0.0342134612073235,0.219727558713607,1.78473257222116,3.95362428689603,3.95637560695335,1.57146277767756
2020.08333333333,-0.010253,-0.000104,0.001241,-0.011494,-0.001345,-0.0252517093758463,0.185000767170198,0.233526243065216,3.5616280555153,3.95276439730382,3.95362428689603,1.78473257222116
2020.16666666667,-0.055627,-0.036235,0.001241,-0.056868,-0.037476,-0.0124175464031987,0.230157531576735,0.250964583132199,1.56158108668333,3.90349864142768,3.95276439730382,3.5616280555153
2020.25,0.046845,0.021044,0.001241,0.045604,0.019803,0.124525505942014,0.229517994216525,0.293335998889776,2.11958389036808,3.96531952760902,3.90349864142768,1.56158108668333
2020.33333333333,0.002729,0.02198,0.001241,0.001488,0.020739,0.214973718443476,0.186818485633028,0.253301670024952,2.15547135374864,3.99394120866787,3.96531952760902,2.11958389036808
2020.41666666667,0.074832,0.06913,0.001241,0.073591,0.067889,0.244748209299892,0.233633397132059,0.312385061916171,2.37959924238692,4.01805536997293,3.99394120866787,2.15547135374864
2020.5,0.130767,0.135538,0.001241,0.129526,0.134297,0.0926461461854478,0.17784548985571,0.226157385833902,2.76088116309099,4.05295550880691,4.01805536997293,2.37959924238692
2020.58333333333,0.027227,0.038063,0.001241,0.025986,0.036822,-0.0237601885230521,0.0395344814147811,0.0371857940945408,2.05223923970154,4.08504913580295,4.05295550880691,2.76088116309099
2020.66666666667,-0.056115,-0.069785,0.001241,-0.057356,-0.071026,-0.00963345922445424,0.0154230458160496,0.0505968424034826,2.21194998985908,4.04066869668686,4.08504913580295,2.05223923970154
2020.75,0.010709,0.00564,0.001241,0.009468,0.004399,0.0773951332051077,0.0502056173995735,0.116961666093877,1.52910423626706,4.04812082993494,4.04066869668686,2.21194998985908
2020.83333333333,0.042035,0.029737,0.001241,0.040794,0.028496,0.0646789237761702,0.0544992761356273,0.102706789001896,1.77427469648664,4.08889666630535,4.04812082993494,1.52910423626706
2020.91666666667,0.026518,-0.034846,0.001241,0.025277,-0.036087,0.025241487046437,0.0620469478414867,0.0782082956202188,1.36309044448571,4.12573769382789,4.08889666630535,1.77427469648664
2021,-0.001179,-0.06653,0.001241,-0.00242,-0.067771,-0.0254161846862307,0.0396380353762287,0.0700389743578309,1.96338045556663,4.13070733209459,4.12573769382789,1.36309044448571
2021.08333333333,0.003571,0.032273,0.001241,0.00233,0.031032,-0.00975354023186792,-0.0025252786363501,-0.0219218345185435,2.39469915336415,4.14123834164012,4.13070733209459,1.96338045556663
2021.16666666667,-0.024019,0.021746,0.001241,-0.02526,0.020505,0.0356778155344697,0.0342739931062315,0.00238420187183364,3.05692903213647,4.11779819608864,4.14123834164012,2.39469915336415
2021.25,0.014812,0.002728,0.001241,0.013571,0.001487,0.0665932743914204,0.0627613124961288,-0.0431464468063471,2.17779113275803,4.11459870324885,4.11779819608864,3.05692903213647
2021.33333333333,0.049441,0.061486,0.001241,0.0482,0.060245,0.00730866049758427,0.0450111787401888,-0.130869309619291,1.96916823958566,4.17465611465965,4.11459870324885,2.17779113275803
2021.41666666667,0.00501,0.02957,0.001241,0.003769,0.028329,-0.00147855282271436,0.0146775823734098,-0.129202899816273,2.44842688583971,4.14268655350932,4.17465611465965,1.96916823958566
2021.5,-0.041398,-0.00435,0.001241,-0.042639,-0.005591,-0.00381212445109203,0.0287505211404093,-0.056638375498089,2.6356264593579,4.06259678713685,4.14268655350932,2.44842688583971
2021.58333333333,0.04032,0.071206,0.001241,0.039079,0.069965,0.0372640180815256,-0.0192823648951547,-0.0453712712742571,1.67621307974064,4.08206526636785,4.06259678713685,2.6356264593579
2021.66666666667,0.00267,-0.015292,0.001241,0.001429,-0.016533,0.016125379585697,-0.0308576917513477,-0.101250967035811,2.313204179454,4.07775439649112,4.08206526636785,1.67621307974064
2021.75,-0.002019,-0.019532,0.001241,-0.00326,-0.020773,0.0325796088028345,-0.0993959124440968,-0.162596704433833,0.711525024267694,4.06787764056548,4.07775439649112,2.313204179454
2021.83333333333,0.019195,0.101947,0.001241,0.017954,0.100706,-0.054453164622147,-0.167429908266794,-0.196091092175532,1.56412123365896,4.09133322683036,4.06787764056548,0.711525024267694
2021.91666666667,0.018847,0.034788,0.001241,0.017606,0.033547,-0.0461274130477384,-0.140870295840844,-0.139581528135235,1.03787816499647,4.12079521675169,4.09133322683036,1.56412123365896
2022,-0.085833,-0.090214,0.001241,-0.087074,-0.091455,-0.127468922123108,-0.0826114785739669,-0.170178311075959,0.724400366295024,4.03790364065202,4.12079521675169,1.03787816499647
2022.08333333333,0.028134,0.050081,0.001241,0.026893,0.04884,-0.118799954983535,-0.026255040417137,-0.0313692031097873,1.13281825132773,4.06978828701192,4.03790364065202,0.724400366295024
2022.16666666667,-0.067697,-0.046584,0.001241,-0.068938,-0.047825,-0.0987582671003706,-0.0718431010043907,-0.0543895306885014,0.798804098833972,4.00724060132755,4.06978828701192,1.13281825132773
2022.25,-0.076789,-0.149569,0.001241,-0.07803,-0.15081,0.0517342646933079,-0.0687812262240082,0.0095090633561421,0.359076277649194,3.93090975460252,4.00724060132755,0.798804098833972
2022.33333333333,0.051419,0.105254,0.001241,0.050178,0.104013,0.105079498992069,-0.0326301743456688,0.0929520291359229,1.21225756412178,3.94353634664945,3.93090975460252,0.359076277649194
2022.41666666667,0.087341,0.073196,0.001241,0.0861,0.071955,0.030148313252788,0.00270130477369146,0.00405450249637807,0.861257668261566,4.01148910777895,3.94353634664945,1.21225756412178
2022.5,-0.030128,0.02938,0.001241,-0.031369,0.028139,-0.114365415002385,-0.0940142462154719,-0.0615677639644731,1.03392703434026,3.87745450267634,4.01148910777895,0.861257668261566
2022.58333333333,-0.019634,-0.028249,0.001241,-0.020875,-0.02949,-0.124549497719103,-0.00501221918698724,0.00419489275090212,0.820360635851539,3.85210926329451,3.87745450267634,1.03392703434026
2022.66666666667,-0.064646,-0.088259,0.001241,-0.065887,-0.0895,-0.0266563801861203,0.0192279561682958,-0.0331641899360129,0.399951652701957,3.77290981534703,3.85210926329451,0.820360635851539
2022.75,-0.041234,0.029768,0.001241,-0.042475,0.028527,0.0233622248331125,0.0839512526364039,0.0287222659531854,0.559658844116888,3.7386450665074,3.77290981534703,0.399951652701957
2022.83333333333,0.089526,0.085544,0.001241,0.088285,0.084303,0.136492877454398,0.129073546817182,0.0449566147653679,0.451245349929623,3.83259436556603,3.7386450665074,0.559658844116888
2022.91666666667,-0.016763,-0.038664,0.001241,-0.018004,-0.039905,0.0470627926527902,0.00131960037848589,-0.0403977806459901,0.509922976543996,3.77955433257563,3.83259436556603,0.451245349929623
2023,0.064371,0.077033,0.001241,0.06313,0.075792,0.0589061827783566,0.0362893537636615,-0.0436093074373658,0.662686996646144,3.84622835812291,3.77955433257563,0.509922976543996
2023.08333333333,0.004072,0.032681,0.001241,0.002831,0.03144,-0.00695315030192156,0.0092218914498774,,0.823998550659252,3.85034428181097,3.84622835812291,0.662686996646144
2023.16666666667,-0.005681,-0.015159,0.001241,-0.006922,-0.0164,-0.0436991277573368,-0.0511696805354441,,0.698327755440961,3.84890997336734,3.85034428181097,0.823998550659252
2023.25,-0.001596,-0.029947,0.001241,-0.002837,-0.031188,-0.0214903844585387,-0.0511773746413312,,0.531454,3.85256867975069,3.84890997336734,0.698327755440961
2023.33333333333,-0.032943,0.000391,0.001241,-0.034184,-0.00085,0.0162533862236658,-0.0748594851752659,,0.333081533333333,3.81101014660296,3.85256867975069,0.531454
2023.41666666667,0.017321,0.024932,0.001241,0.01608,0.023691,-0.00761191879616963,-0.0413637024832357,,0.306472068550842,3.77215948089555,3.81101014660296,0.333081533333333
2023.5,0.036769,0.018152,0.001241,0.035528,0.016911,-0.0301422925270463,-0.0768086793688949,,0.529027504819048,3.76705168933581,3.77215948089555,0.306472068550842
2023.58333333333,-0.05557,-0.041538,0.001241,-0.056811,-0.042779,-0.089387407346432,,,1.8414980917029,3.72807872907817,3.76705168933581,0.529027504819048
2023.66666666667,-0.005689,0.000357,0.001241,-0.00693,-0.000884,-0.0338549118503382,,,0.840912454545455,3.72772443014932,3.72807872907817,1.8414980917029
2023.75,-0.026321,-0.009959,0.001241,-0.027562,-0.0112,-0.0478171007180969,,,1.10666160248443,3.70098353391673,3.72772443014932,0.840912454545455
2023.83333333333,0.00179,0.03428,0.001241,0.000549,0.033039,,,,2.22856165002417,3.70201272957921,3.70098353391673,1.10666160248443
2023.91666666667,-0.020003,-0.020632,0.001241,-0.021244,-0.021873,,,,1.42794521428571,3.69983749025021,3.70201272957921,2.22856165002417
